sample,barcode,r1_path,r2_path
WS31,CGGCTATG+AGGCTATA,data/reads/WS31/WS31_R1.fq.gz,data/reads/WS31/WS31_R2.fq.gz
WS12,TCCGCGAA+AGGCTATA,data/reads/WS12/WS12_R1.fq.gz,data/reads/WS12/WS12_R2.fq.gz
WS07,TCTCGCGC+AGGCTATA,data/reads/WS07/WS07_R1.fq.gz,data/reads/WS07/WS07_R2.fq.gz
WS13,AGCGATAG+AGGCTATA,data/reads/WS13/WS13_R1.fq.gz,data/reads/WS13/WS13_R2.fq.gz
WS24,CGGCTATG+GCCTCTAT,data/reads/WS24/WS24_R1.fq.gz,data/reads/WS24/WS24_R2.fq.gz
WS01,TCCGCGAA+GCCTCTAT,data/reads/WS01/WS01_R1.fq.gz,data/reads/WS01/WS01_R2.fq.gz
WS21,TCTCGCGC+GCCTCTAT,data/reads/WS21/WS21_R1.fq.gz,data/reads/WS21/WS21_R2.fq.gz
WS08,AGCGATAG+GCCTCTAT,data/reads/WS08/WS08_R1.fq.gz,data/reads/WS08/WS08_R2.fq.gz
WS23,CGGCTATG+AGGATAGG,data/reads/WS23/WS23_R1.fq.gz,data/reads/WS23/WS23_R2.fq.gz
WS26,TCCGCGAA+AGGATAGG,data/reads/WS26/WS26_R1.fq.gz,data/reads/WS26/WS26_R2.fq.gz
WS30,TCTCGCGC+AGGATAGG,data/reads/WS30/WS30_R1.fq.gz,data/reads/WS30/WS30_R2.fq.gz
WS28,AGCGATAG+AGGATAGG,data/reads/WS28/WS28_R1.fq.gz,data/reads/WS28/WS28_R2.fq.gz
WS04,CGGCTATG+TCAGAGCC,data/reads/WS04/WS04_R1.fq.gz,data/reads/WS04/WS04_R2.fq.gz
WS10,TCCGCGAA+TCAGAGCC,data/reads/WS10/WS10_R1.fq.gz,data/reads/WS10/WS10_R2.fq.gz
WS02,TCTCGCGC+TCAGAGCC,data/reads/WS02/WS02_R1.fq.gz,data/reads/WS02/WS02_R2.fq.gz
WS06,AGCGATAG+TCAGAGCC,data/reads/WS06/WS06_R1.fq.gz,data/reads/WS06/WS06_R2.fq.gz
WS27,CGGCTATG+CTTCGCCT,data/reads/WS27/WS27_R1.fq.gz,data/reads/WS27/WS27_R2.fq.gz
WS03,TCCGCGAA+CTTCGCCT,data/reads/WS03/WS03_R1.fq.gz,data/reads/WS03/WS03_R2.fq.gz
WS22,TCTCGCGC+CTTCGCCT,data/reads/WS22/WS22_R1.fq.gz,data/reads/WS22/WS22_R2.fq.gz
WS16,AGCGATAG+CTTCGCCT,data/reads/WS16/WS16_R1.fq.gz,data/reads/WS16/WS16_R2.fq.gz
WS15,CGGCTATG+TAAGATTA,data/reads/WS15/WS15_R1.fq.gz,data/reads/WS15/WS15_R2.fq.gz
WS20,TCCGCGAA+TAAGATTA,data/reads/WS20/WS20_R1.fq.gz,data/reads/WS20/WS20_R2.fq.gz
WS09,TCTCGCGC+TAAGATTA,data/reads/WS09/WS09_R1.fq.gz,data/reads/WS09/WS09_R2.fq.gz
WS11,AGCGATAG+TAAGATTA,data/reads/WS11/WS11_R1.fq.gz,data/reads/WS11/WS11_R2.fq.gz
WS14,CGGCTATG+ACGTCCTG,data/reads/WS14/WS14_R1.fq.gz,data/reads/WS14/WS14_R2.fq.gz
WS17,TCCGCGAA+ACGTCCTG,data/reads/WS17/WS17_R1.fq.gz,data/reads/WS17/WS17_R2.fq.gz
WS25,TCTCGCGC+ACGTCCTG,data/reads/WS25/WS25_R1.fq.gz,data/reads/WS25/WS25_R2.fq.gz
WS05,CGGCTATG+GTCAGTAC,data/reads/WS05/WS05_R1.fq.gz,data/reads/WS05/WS05_R2.fq.gz
WS19,TCCGCGAA+GTCAGTAC,data/reads/WS19/WS19_R1.fq.gz,data/reads/WS19/WS19_R2.fq.gz
WS18,TCTCGCGC+GTCAGTAC,data/reads/WS18/WS18_R1.fq.gz,data/reads/WS18/WS18_R2.fq.gz
